id;tipo_documento;numero_documento;descricao;pessoa_id
546cc581-2c27-455d-ae10-a93b45b4fbc6;PASSAPORTE;notwithstanding more unlike;history plus so;f643d19c-6be3-4e67-9041-61c02bc7a01d
153920ca-a790-4634-ac67-16725d753ae0;OUTRO;jot mmm within;propane on grab-bag;33f1eff4-9270-49cd-9ffa-9882090837f8
1858b2fc-8902-4fef-b790-f08656d42929;OUTRO;narrowcast;kiddingly;f643d19c-6be3-4e67-9041-61c02bc7a01d
9f734dd6-285d-416f-a5e0-1ea96d918011;RE;justly geez which;consequently;33f1eff4-9270-49cd-9ffa-9882090837f8
6a32404a-28cf-41a9-b2ab-e4525840d065;CPF;determination;fret accessorize athwart;f643d19c-6be3-4e67-9041-61c02bc7a01d
d6e54d2c-c105-47df-ad53-029165545405;CPF;supposing sans faithfully;blade yet save;f643d19c-6be3-4e67-9041-61c02bc7a01d
7b62de43-8026-46a9-8d8d-b4999cfb24c1;PASSAPORTE;lively putrid scornful;convulse delivery;f643d19c-6be3-4e67-9041-61c02bc7a01d
ad8c7c0d-3d7a-4ce4-a097-9a9eb9e014d3;PASSAPORTE;aha govern;pricey ambitious;f643d19c-6be3-4e67-9041-61c02bc7a01d
dadbd6f2-8b1b-4343-916d-d2e04aa0f035;RG;priest;mango like weak;33f1eff4-9270-49cd-9ffa-9882090837f8
09d71e39-a37d-495e-bf01-09a8e62f6177;CPF;stir;unbearably avalanche;33f1eff4-9270-49cd-9ffa-9882090837f8
