id;arquivo_imagem;arquivo_imagem_content_type;nome;caminho;descricao;cadeia_detectada;date_analise;registro_acesso_id
435a3a1e-5a49-4c1c-8778-ac7a7c516bb0;../fake-data/blob/hipster.png;image/png;likewise blend paintwork;uh-huh eek frightfully;round;underneath;2024-09-10T22:30:00;2bd7f94b-8ee3-42d6-8e5b-824498c1dac1
f07b05d1-3c0c-4473-9b86-144c1216667e;../fake-data/blob/hipster.png;image/png;dream lest;gee instantly;ha government youthfully;too scout ick;2024-09-10T04:47:44;7e80d0e0-389d-41a1-844c-5a0d9598d1ed
64220a3d-f4c2-4cde-9fbd-3ad5ca8d5da8;../fake-data/blob/hipster.png;image/png;pish internationalize;freight;although wherever;statue shampoo pace;2024-09-10T06:23:02;5ee590dd-555e-46af-bf9d-e59c5a0511ba
5aef7698-4cd2-41ce-a33a-ce5b2980a423;../fake-data/blob/hipster.png;image/png;floodlight obsess;fooey unlike arrogantly;briskly so;oblong;2024-09-11T03:47:21;78db6d62-0bd7-4720-97e6-c7bae78548a4
5e89ae24-0383-49d8-a229-c6533cfa5ca9;../fake-data/blob/hipster.png;image/png;abandoned unless;furthermore;pfft huzzah zowie;scenario;2024-09-10T23:21:28;b716d296-2a0c-459b-a5ac-6a780e8c1aef
dc786f9d-2b5d-4f26-9819-35948ce8c215;../fake-data/blob/hipster.png;image/png;apud skeletal very;overstay if;sit;begonia over;2024-09-10T13:29:07;0dadbf0b-c7f2-492d-918c-997f34a14eeb
813f55c1-595b-4df4-a0fe-f1ccf3fdcdd9;../fake-data/blob/hipster.png;image/png;ajar;microchip;surface along quicker;whose mispronounce hippodrome;2024-09-11T02:05:24;63f8b556-ca6e-4128-896b-5fcee8b31be4
cb1df795-ec9f-46e7-a5f2-b3ad6e8e9844;../fake-data/blob/hipster.png;image/png;than tighten;yawningly dreamily wherever;plus besides sashay;redevelop after if;2024-09-10T09:26:30;903a2c7b-d2ce-4b0d-907d-148ef5a1b4bc
c543fc94-428d-48bb-ab9e-1828ab6230b3;../fake-data/blob/hipster.png;image/png;meh;reassuringly;decision where;breed;2024-09-10T12:13:57;2ff5e4e4-de8a-468c-8591-73c9a4731149
bfa98cc7-c515-415c-98b0-a78d8dc436cf;../fake-data/blob/hipster.png;image/png;part reach hence;wearily authentic;jovially on because;subexpression healthily knowingly;2024-09-10T16:01:11;6656cacc-c7ca-42eb-b266-8e1c98df8700
