id;bloco;andar;numero;endereco_id;pessoa_id
931fdbc3-244b-4e4d-9ec8-4a52ee20f069;for;evince agile bespeak;jink difficult;9e9c928b-3628-4dd9-b1f0-dbb63981ac2b;f643d19c-6be3-4e67-9041-61c02bc7a01d
323d10e4-621b-4229-9e3b-11328860aeda;depersonalise;bitterly;whirlwind with;0d8fb69e-547d-468c-91b8-7239dd556be9;33f1eff4-9270-49cd-9ffa-9882090837f8
ff11e57e-e7c5-4878-bece-c098070e12aa;beyond;admired uh-huh;nutrient cop-out;3fb315c5-9779-4d68-98c8-6ab38252cf43;33f1eff4-9270-49cd-9ffa-9882090837f8
683ef216-6b47-4fcb-a269-b3b3d911db9f;ick duh;yieldingly which;however used;600b0ed5-31fa-4ce4-981f-8ba15d7601d0;f643d19c-6be3-4e67-9041-61c02bc7a01d
5f1838ac-6787-49ea-8b18-7adf44c4ecee;pervert snarl underneath;annually;recovery;2ce59e14-b544-4266-addb-ce5115665a8b;33f1eff4-9270-49cd-9ffa-9882090837f8
0e7f8933-880c-4f2d-bbe6-2b7b74e7785e;click afore vigorous;goddess;amusement;2d69271b-c177-4f8b-b79b-c2b9b517a757;f643d19c-6be3-4e67-9041-61c02bc7a01d
3603ac2d-ee1d-479e-8b81-5a9805a4c84b;roughly quiet;writhing;publishing unusual gosh;c46fc680-9ea9-4602-a994-36fed52b8c39;33f1eff4-9270-49cd-9ffa-9882090837f8
96260364-e331-4286-977d-b6bc0d7fda2f;several blaze pushy;experienced;like beef brutalize;1c38376c-19bf-457a-8243-cf379f70fbfe;33f1eff4-9270-49cd-9ffa-9882090837f8
942fa8f7-bf53-471d-b5d6-4c405bdf8854;jackknife disillusion conduct;scratchy toward gladiolus;luxuriate jaggedly;3bb3ce32-e868-4d4f-aa96-b53d382bafb4;33f1eff4-9270-49cd-9ffa-9882090837f8
b06ae100-8a17-453b-8bb3-3e2ff5cd608b;woot;below;pitiful wrongly why;fd9825a5-67d7-43b6-814c-a2390b7b8594;f643d19c-6be3-4e67-9041-61c02bc7a01d
